{"cameraMode":{"drawMode":0,"name":"Shaded","section":"Shading Mode"},"sceneLighting":true,"audioPlay":false,"sceneViewState":{"m_AlwaysRefresh":false,"showFog":true,"showSkybox":true,"showFlares":true,"showImageEffects":true,"showParticleSystems":true,"showVisualEffectGraphs":true,"m_FxEnabled":true},"in2DMode":false,"pivot":{"x":4.305815696716309,"y":-60.70649719238281,"z":-50.07058334350586},"rotation":{"x":-0.002337836194783449,"y":-0.9129582643508911,"z":0.40804508328437807,"w":-0.005209151189774275},"size":53.131736755371097,"orthographic":false}